Career,Possible Abilities,Possible Skills,Restrictions,Special,Starting Assets,Starting Connections,Starting Money
Alchemist,"Bomber, Brew Master, Fast Cook, Field Alchemist, Fire in the Hole!, Free Style, Grenadier, Poison Resistance","Alchemy 4D, Any Craft 4D, Forgery 2D, General Skills 4D, Healing 4D, Persuasion 4D, Research 4D; Hand Weapon 2D, Throwing 4D, Unarmed Combat 2D",,,"alchemist's leather, gas mask, traveling alchemist's kit, any five alchemical grenades, grenadier's bandolier",None,50
Allegiant (Order of the Fist),"Acrobatics, Chain Attack: Body Slam, Cicular Vision, Fist of God, Fleet Foot, Flesh of Steel, Flying Fists, Hardened Strike, Iron Will, Precision Strike, Reed in the Wind, Serpent Strike, Shifting Sands Stance, Steady, Trip, Waylay, Whirlwind","General Skills 4D, Interrogation 3D, Law 3D, Sneak 4D, Survival 4D; Hand Weapon 3D, Unarmed Combat 4D","Cutthroat, Investigator, Priest (Menoth), Ranger, Scrutator, Spy, Warcaster, Warcaster (Protectorate)",,none,Order of the Fist,0
Arcane Mechanik (Vassal of Menoth),"'Jack Marshall, Ace Commander, Arcane Engineer, Drive: Assault, Drive: Pronto, Inscribe Formulae, Resourceful, Steamo","Command 1D, Any Craft 4D, Cryptography 3D, General Skills 4D, Mechanikal Engineering 4D, Persuasion 2D, Research 3D; Hand Weapon 2D, Light Artillery 2D, Rifle 2D","Alchemist, Arcanist, Field Mechanik, Priest (Menoth),  Sorcerer (Fire), Sorcerer (Ice), Sorcerer (Stone), Sorcerer (Storm), Arcanist (Greylord)",,"rune etching kit, Vassal Armor",Vassals of Menoth,50
Arcane Mechanik,"'Jack Marshall, Ace Commander, Arcane Engineer, Drive: Assault, Drive: Pronto, Inscribe Formulae, Resourceful, Steamo","Command 1D, Any Craft 4D, Cryptography 3D, General Skills 4D, Mechanikal Engineering 4D, Persuasion 2D, Research 3D; Hand Weapon 2D, Light Artillery 2D, Rifle 2D",,,"rune etching kit, mechanika weapon or suit of armor worth up to 750 gc, including the housing, power source, and rune plate.",None,50
Arcanist (Greylord),"Arcane Defenses, Arcane Scholar, Great Power, University Education","Any Craft 2D, Etiquette 2D, General Skills 4D, Persuasion 2D, Oratory 2D, Research 4D; None","Alchemist, Arcane Mechanik, Aristocrat, Explorer, Horseman, Investigator, Military Officer, Sorcerer (Fire), Sorcerer (Ice), Sorcerer (Stone), Sorcerer (Storm), Spy, Warcaster, Warcaster (Khadoran)",,None,Greylord Covenant,75
Arcanist (Illuminated),"Arcane Defenses, Arcane Scholar, Great Power, University Education","Any Craft 2D, Etiquette 2D, General Skills 4D, Persuasion 2D, Oratory 2D, Research 4D; None",,,None,Order of Illumination,75
Arcanist (Trident),"Arcane Defenses, Arcane Scholar, Great Power, University Education","Any Craft 2D, Etiquette 2D, General Skills 4D, Persuasion 2D, Oratory 2D, Research 4D; Hand Weapon 3D, Pistol 3D","Arcane Mechanik, Aristocrat, Explorer, Soldier (Marine), Military Officer, Warcaster (Ordic), Pirate, Priest (Morrow), Sorcerer (Fire), Sorcerer (Ice), Sorcerer (Stone), Sorcerer (Storm)",,None,Ordic Military,75
Arcanist,"Arcane Defenses, Arcane Scholar, Great Power, University Education","Any Craft 2D, Etiquette 2D, General Skills 4D, Persuasion 2D, Oratory 2D, Research 4D; None",,,None,None,75
Archer,"Adjust Aim, Arcing Shot, Blur of Motion, Crackshot, Dual Shot (Archery), Fast Draw, Keen Eyed, Marksman, Return Fire, Saddle Shot, Shootist, Snap Fire, Targeteer","General Skills 4D, Sneak 3D, Survival 3D, Tracking 3D,Any Craft(Fletcher) 4D; Archery 4D",,,"Bow, Quiver of 10 arrows (any type)",None,25
Aristocrat,"Advisor, Appraise, Battle Plan: Call to Action, Expert Rider, Good Breeding, Language, Natural Leader, Poison Resistance, Privilege, Rallying Cry, Swift Rider","Bribery 4D, Command 4D, Cryptography 2D, Deception 4D, Etiquette 4D, General Skills 4D, Law 4D, Persuasion 4D, Oratory 4D, Seduction 4D; Archery 2D, Hand Weapon 3D, Lance 3D, Pistol 2D, Rifle 3D",,,None,Nobility,200
Artillerist,"Advisor, Battle Plan: Close Fire, Battle Plan: Orchestrate Fire, Bomber, Double Powder Ration, Grenadier, Hit the Deck!, Scorched Earth, Test the Wind","Craft Ordnance 4D, Command 3D, General Skills 4D, Rope Use 4D, Survival 3D; Hand Weapon 3D, Heavy Artillery 4D, Light Artillery 4D, Pistol 3D, Rifle 3D, Throwing 3D",,,Deck Gun (with powder and ten rounds),None,75
Assault Kommando,"Battle Plan: Reconnaissance, Defensive Line, Gunfighter, Load Bearing, Onslaught, Quick Work, Relentless Charge, Signal Language, Two-Weapon Fighting","Command 3D, Cryptography 2D, General Skills 4D, Interrogation 3D, Healing 3D, Survival 3D; Hand Weapon 3D, Light Artillery 3D, Rifle 4D, Shield 3D, Unarmed Combat 3D","Military Officer, Warcaster, Warcaster (Khadoran), Ranger, Rifleman, Soldier",,"Assault Kommando armour, Vislovski carbine (powder and ten rounds), assault shield, three strangle gass grenade launcher rounds",None,0
Berserker,"Blood Quenched, Berserk, Blood Thirst, Hyper Aggressive, Overtake, Relentless Charge, Savage Strike, Two-Weapon Fighting","General Skills 4D, Survival 4D; Great Weapon 4D, Hand Weapon 4D, Throwing 4D, Unarmed Combat 4D",,,Leather Armor,Character's Tribe,25
Blackclad,"Aegis, Artificer, Camouflage, Disease Resistance, Dominating Presence, Immunity: Cold, Immunity: Corrosion, Immunity: Electricity, Immunity: Fire, Iron Will, Language, Light Cavalry, Long-Lived, Mount Attack (Skirovik mountain goat), Natural Leader, Pathfinder, Stone Scavenger, Stonecutter, Trained Rider (Skirovik mountain goat)","Bribery 4D, Command 4D, Cryptography 4D, Deception 4D, Disguise 3D, General Skills 4D, Interrogation 4D, Search 4D, Healing 3D, Nagivation 4D, Persuasion 4D, Oratory 4D, Research 4D, Rope Use 3D, Sneak 3D, Survival 4D, Craft Wold 4D; Great Weapon 2D, Hand Weapon 2D, Unarmed Combat 2D",,,"Custom Battle Armor, Druid Voulge, Cloak and Robes of a Blackclad",Circle Orboros,0
Bloodtracker,"Acrobatics, Ambush, Dodger, Fast Draw, Fleet Foot, Hunter, Knife Thrower, Pathfinder, Roll with It, Signal Language, Specialization (Fighting Claw), Traceless Path, Weapon Master (Javelin)","Command 3D, Cryptography 1D, Escape Artist 4D, General Skills 4D, Nagivation 3D, Sneak 4D, Survival 4D, Tracking 4D,Any Craft(Tharn equipment) 3D; Hand Weapon 4D, Throwing 4D, Unarmed Combat 3D",,,"Bloodtracker fighting claw, 5 javelins, javelin quiver, Tharn leathers",Character's Tribe,0
Bloodweaver,"Anatomical Precision, Blood Spiller, Blood Trade, Empower Weapon, Gang, Haruspex, Inflict Pain, Shadow Magic, Two-Weapon Fighting","General Skills 4D, Healing 3D, Sneak 4D, Survival 3D,Any Craft(Tharn equipment) 3D; Hand Weapon 4D, Unarmed Combat 3D",,,"Sacral blade, Tharn leathers",Character's Tribe,0
Bokor,"Death Mastery, Empower Weapon, Ghost Sight, Grave Man, Great Power, Haruspex, Possession, Soul Taker, Spirit Guide, Unhallowed","Alchemy 2D, Command 3D, Cryptography 3D, Deception 4D, General Skills 4D, Interrogation 4D, Healing 2D, Nagivation 3D, Oratory 2D, Sneak 3D, Survival 3D; Great Weapon 3D, Unarmed Combat 3D",,,None,Character's Tribe,50
Bone Grinder,"Anatomical Precision, Bone Grinder, Brew Master, Disease Resistance, Inflict Pain, Meat Alchemy, Vivisectionist","Alchemy 4D, General Skills 4D, Search 2D, Healing 4D, Nagivation 2D, Rope Use 3D, Survival 3D, Tracking 3D, Skinner 4D; Great Weapon 3D, Hand Weapon 3D",,,"Apothecary Kit, Skinning Tools, and any one bone grinder fetish",None,25
Bounty Hunter,"Binding, Crossbowman, Head-Butt, Language (Five Cant), Pursuit, Roll With It, Take Down, Waylay","Bribery 2D, Deception 2D, Disguise 2D, General Skills 4D, Interrogation 2D, Law 2D, Persuasion 4D, Rope Use 4D, Sneak 3D, Streetwise 4D, Tracking 4D; Crossbow 3D, Hand Weapon 2D, Pistol 2D, Rifle 3D, Unarmed Combat 4D",,,None,None,75
Brigand (Swamp Gobber Raider),"Ambush, Appraise, Backstab, Binding, Camouflage, Dodger, Fall Back, Fast Draw, Fast Reload, Find Cover, Fleet Foot, Gunfighter, Onslaught, Relentless Charge, Specialization (Grappling Pistol), Waylay","Bribery 4D, Command 2D, Deception 4D, Disguise 3D, Escape Artist 4D, General Skills 4D, Lock Picking 3D, Nagivation 2D, Persuasion 3D, Pick Pocket 3D, Rope Use 3D, Sneak 4D, Streetwise 2D, Survival 2D, Any Craft 2D; Archery 3D, Crossbow 3D, Great Weapon 4D, Hand Weapon 4D, Pistol 3D, Rifle 3D, Throwing 3D, Unarmed Combat 3D",,,Grappling Pistol or Swamp Gobbers Bellows with 5 canisters of bellows gas,"Choose One: Criminal Gang, Character's Tribe",25
Brigand,"Ambush, Appraise, Backstab, Binding, Camouflage, Dodger, Fall Back, Fast Draw, Fast Reload, Find Cover, Fleet Foot, Gunfighter, Onslaught, Relentless Charge, Waylay","Bribery 4D, Command 2D, Deception 4D, Disguise 3D, Escape Artist 4D, General Skills 4D, Lock Picking 3D, Nagivation 2D, Persuasion 3D, Pick Pocket 3D, Rope Use 3D, Sneak 4D, Streetwise 2D, Survival 2D, Any Craft 2D; Archery 3D, Crossbow 3D, Great Weapon 4D, Hand Weapon 4D, Pistol 3D, Rifle 3D, Throwing 3D, Unarmed Combat 3D",,,None,Character's Tribe,75
Bushwhacker,"Ambush, Crackshot, Dual Shot (Rifle), Fast Draw, Fast Reload, Go to Ground, Keen Eyed, Marksman, Night Fighter, Return Fire, Shootist, Sniper, Swift Hunter, Targeteer","Command 2D, General Skills 4D, Nagivation 3D, Sneak 4D, Survival 3D, Gunsmithing 3D; Hand Weapon 3D, Rifle 4D",,,"Ammo Bandolier, Heavy Rifle or Repeating Rifle, Powder and Ammunition for 10 shots",None,50
Chieftain,"Battle Commander, Battle Plan: Battlefield Coordination, Battle Plan: Call to Action, Battle Plan: Coordinated Strike, Battle Plan: Take Cover, Cavalry Charge, Combat Rider, Defender, Expert Rider, Language, Natural Leader, Rallying Cry, Team Leader","Command 4D, Deception 4D, General Skills 4D, Search 4D, Nagivation 4D, Persuasion 4D, Oratory 4D, Seduction 3D, Sneak 2D, Survival 3D; Archery 4D, Great Weapon 4D, Hand Weapon 4D, Throwing 4D, Unarmed Combat 4D",,,"Symbol of Office (Iron Crown, Wolf Skin Cloak, etcâ€¦)",Character's Tribe,100
Croak Conjoined Twin,"Conjoined, Empower Weapon, Great Power, Haruspex, Powerful Attack (magical), Share the Load","General Skills 4D, Survival 2D; Hand Weapon 2D, Throwing 2D",,,None,Croak Tribe,75
Crucible Guard,"'Jack Marshall, Cautious Advance, Cavalry Charge, Disease Resistance, Fast Reload, Find Cover, Grenadier, Hit the Deck!, Language, Ride-By Attack, Roll With It, Saddle Shot, Sentry","Command 3D, General Skills 4D, Healing 3D, Nagivation 2D, Sneak 2D, Survival 3D; Crossbow 3D, Great Weapon 4D, Light Artillery 3D, Hand Weapon 3D, Pistol 3D, Rifle 4D, Shield 2D, Throwing 3D, Unarmed Combat 3D",,,"Crucible armor, 250gc worth of grenades, Crucible Arms Model 603",Golden Crucible,0
Cutthroat,"Anatomical Precision, Backstab, Blood Spiller, Camouflage, Chain Attack: Bleed Out, Fast Draw, Language (Five Cant), Prowl, Specialization (Assassin Blade), Two-Weapon Fighting, Waylay","General Skills 4D, Interrogation 2D, Sneak 4D, Streetwise 4D; Crossbow 2D, Hand Weapon 4D, Throwing 3D, Unarmed Combat 3D",,,None,None,75
Dhunian Paragon (Fall),"Battle Plan: Desperate Pace, Defender, Dhunia's Strike, Fearless, Mother's Vengeance, Overflowing Health, Remedy, Roll with It, Self Sacrifice, Shield Guard, Shield Slam, Spring of Vitality, Storm of Leaves, Thick Skin, Winter's Respite","Command 4D, General Skills 4D, Interrogation 2D, Healing 2D, Persuasion 2D, Oratory 4D, Seduction 2D, Survival 4D; Great Weapon 3D, Hand Weapon 3D, Shield 3D, Unarmed Combat 4D",,,None,Character's Tribe,75
Dhunian Paragon (Spring),"Battle Plan: Desperate Pace, Defender, Dhunia's Strike, Fearless, Mother's Vengeance, Overflowing Health, Remedy, Roll with It, Self Sacrifice, Shield Guard, Shield Slam, Spring of Vitality, Storm of Leaves, Thick Skin, Winter's Respite","Command 4D, General Skills 4D, Interrogation 2D, Healing 2D, Persuasion 2D, Oratory 4D, Seduction 2D, Survival 4D; Great Weapon 3D, Hand Weapon 3D, Shield 3D, Unarmed Combat 4D",,,None,Character's Tribe,75
Dhunian Paragon (Summer),"Battle Plan: Desperate Pace, Defender, Dhunia's Strike, Fearless, Mother's Vengeance, Overflowing Health, Remedy, Roll with It, Self Sacrifice, Shield Guard, Shield Slam, Spring of Vitality, Storm of Leaves, Thick Skin, Winter's Respite","Command 4D, General Skills 4D, Interrogation 2D, Healing 2D, Persuasion 2D, Oratory 4D, Seduction 2D, Survival 4D; Great Weapon 3D, Hand Weapon 3D, Shield 3D, Unarmed Combat 4D",,,None,Character's Tribe,75
Dhunian Paragon (Winter),"Battle Plan: Desperate Pace, Defender, Dhunia's Strike, Fearless, Mother's Vengeance, Overflowing Health, Remedy, Roll with It, Self Sacrifice, Shield Guard, Shield Slam, Spring of Vitality, Storm of Leaves, Thick Skin, Winter's Respite","Command 4D, General Skills 4D, Interrogation 2D, Healing 2D, Persuasion 2D, Oratory 4D, Seduction 2D, Survival 4D; Great Weapon 3D, Hand Weapon 3D, Shield 3D, Unarmed Combat 4D",,,None,Character's Tribe,75
Doom Reaver,"Abomination, Berserk, Bloodlust, Fearless, Feasome Howl, Iron Will, Language (Orgoth), Precision Strike, Relentless Charge, Silence","General Skills 4D, Survival 3D, Tracking 3D; Great Weapon 4D, Unarmed Combat 3D","Cutthroat, Horseman, Pirate, Ranger, Soldier, Thief",,Fellblade,None,0
Duelist,"Acrobatics, Fast Draw, Gunfighter, Parry, Precision Strike, Quick Work, Riposte, Roll With It, Two-Weapon Fighting","Etiquette 2D, General Skills 4D, Law 2D, Oratory 2D, Seduction 3D, Streetwise 2D; Hand Weapon 4D, Pistol 4D, Throwing 3D, Unarmed Combat 2D",,,None,None,75
Exemplar,"Aegis, Chain Attack: Smite, Divine Fortitude, Imperishable Conviction, Iron Will, Load Bearing, Precision Strike, Relentless Advance, Restoration, Sanguine Bond, two-Weapon Fighting","Command 4D, General Skills 4D, Healing 2D, Nagivation 2D, Survival 2D; Crossbow 3D, Great Weapon 4D, Hand Weapon 4D, Lance 4D, Shield 3D, Unarmed Combat 3D","Man-at-Arms, Military Officer, Ranger, Soldier, Warcaster, Warcaster (Protectorate)",,"Exemplar plate and one weapon: Blazing sword, halberd (consecrated) , or relic blade.",Exemplar Order,0
Explorer,"Battle Plan: Reconnaissance, Big Game Hunter, Diseases Resistance, Expert Rider, Language, Natural Leader, Poison Resistance, Port of Call, Signal Language, Swift Rider","Command 4D, Any Craft 2D, Cryptography 2D, Etiquette 2D, General Skills 4D, Healing 2D, Nagivation 4D, Persuasion 4D, Rope Use 4D, Survival 4D; Archery 2D, Crossbow 2D, Hand Weapon 2D, Pistol 2D, Rifle 3D, Throwing 2D, Unarmed Combat 2D",,,"map case, spyglass",Patron,150
Fell Caller,"Battle Plan: Call to Action, Fell Call: Cacophony, Fell Call: Call of Defiance, Fell Call: Ground Shaker, Fell Call: Heroic Ballad, Fell Call: Reverberation, Fell Call: Signal Call, Fell Call: Sonic Blast, Legacy of Bragg, Natural Leader","Command 4D, Fell Calling 4D, General Skills 4D, Oratory 4D, Seduction 2D; Great Weapon 3D, Hand Weapon 3D, Throwing 3D, Unarmed Combat 3D",,,None,None,75
Fennblade,"Cleave, Dual Fighter, Hard, Iron Will, Load Bearing, Precision Strike, Relentless Advance, Relentless Charge, Set Defense, Snag & Slash, Specialization (Hooked Great Sword)","Command 3D, General Skills 4D, Survival 3D; Great Weapon 4D, Unarmed Combat 3D",,,Hooked Great Sword,Trollkin Kriel,75
Field Mechanik (Rhulic),"'Jack Marshall, Ace Commander, Bodge, Dodger, Drive: Ancillary Attack, Drive: Assault, Drive: Off Road, Drive: Pronto, Hit the Deck!, Iron Sentinel, Scrounge, Steamo, Tune Up","Command 3D, Any Craft 4D, General Skills 4D, Mechanikal Engineering 4D, Persuasion 3D; Hand Weapon 2D, Pistol 2D",,,"mechanik's tool kit, Grundback Runner light warjack (p. 66) with either a Grundback light cannon (p. 66) or a hail shot cannon (p. 67) weapon system instead of a light laborjack with up to 200 gc of weapons",None,25
Field Mechanik,"'Jack Marshall, Ace Commander, Bodge, Dodger, Drive: Ancillary Attack, Drive: Assault, Drive: Off Road, Drive: Pronto, Hit the Deck!, Iron Sentinel, Scrounge, Steamo, Tune Up","Command 3D, Any Craft 4D, General Skills 4D, Mechanikal Engineering 4D, Persuasion 3D; Hand Weapon 2D, Pistol 2D",,,"mechanik's tool kit, light laborjack with up to 200 gc of weapons",None,25
Guide,"Advance Move, Applied Knowledge, Battle Plan: Double Time, Dodger, Forager, Language, Mark Target, Survivalist, Traceless Path, Tracker","Command 3D, General Skills 4D, Healing 2D, Nagivation 4D, Persuasion 3D, Survival 4D, Tracking 4D; Archery 3D, Great Weapon 2D, Hand Weapon 3D, Pistol 3D, Rifle 3D, Throwing 3D, Unarmed Combat 2D",,,None,Character's Tribe,75
Gun Mage (Amethyst Rose),"Arcane Precision, Craft Rune Shot, Fast Draw, Fast Reload, Gunfighter, Keen Eyed","General Skills 4D, Seduction 2D; Pistol 4D, Rifle 4D",,,"ammo bandolier, dual magelock pistol (with powder and 10 rounds of ammunition), rune shot casting kit",Loyal Order of the Amethyst Rose,25
Gun Mage (Arcane Tempest),"Arcane Precision, Craft Rune Shot, Fast Draw, Fast Reload, Gunfighter, Keen Eyed, Runesmith","General Skills 4D, Seduction 2D; Pistol 4D, Rifle 4D","Gun Mage (Arcane Tempest), Aristocrat, Horseman, Military Officer, Pistoleer, Ranger, Rifleman, Soldier, Spy, Warcaster, Warcaster (Cygnaran)",,"Armored great coat, ammo bandolier, magelock pistol or magelock rifle (with powder and 10 rounds of ammunition), rune shot casting kit",Cygnaran military,25
Gun Mage,"Arcane Precision, Craft Rune Shot, Fast Draw, Fast Reload, Gunfighter, Keen Eyed","General Skills 4D, Seduction 2D; Pistol 4D, Rifle 4D",,,"ammo bandolier, magelock pistol or magelock rifle (with powder and 10 rounds of ammunition), rune shot casting kit",None,25
Guttersnipe,"Astute, Camouflage, Disease Resistance, Dodger, Find Cover, Flash Theif, Hit 'em Low, Language, Lost in the Crowd, Low Breeding, Perfect Timing, Roll With It, Scoping It Out","Persuasion [Bribery] 4D, Deception 4D, Disguise 4D, Escape Artist 4D, General Skills 4D, Persuasion 4D, Pick Pocket 4D, Sneak 4D, Streetwise 4D; Hand Weapon 3D, Pistol 3D, Sling 3D, Throwing 3D, Unarmed 3D",,,None,Black Market,50
Highwayman,"Ambush, Appraise, Binding, Expert Rider, Fast Draw, Fast Reload, Light Cavalry, Prowl, Ride-By Attack, Saddle Shot, Swift Hunter, Swift Rider, Traceless Path, Two-Weapon Fighting, Waylay","Bribery 2D, Deception 3D, Disguise 2D, General Skills 4D, Interrogation 2D, Persuasion 4D, Rope Use 4D, Seduction 4D, Sneak 4D, Survival 2D; Archery 3D, Crossbow 3D, Hand Weapon 3D, Pistol 3D, Unarmed Combat 3D",,,"mask, riding horse, tack",None,75
Horseman,"Cavalry Charge, Combat Rider, Expert Rider, Mounted: Counter Charge, Ride-by Attack, Saddle Shot, Swift Rider, Trained Rider (any)","Command 3D, General Skills 4D, Nagivation 3D; Great Weapon 4D, Hand Weapon 2D, Lance 4D, Pistol 2D, Unarmed Combat 2D",,,Warhorse with tack and heavy barding,None,25
Huntsman,"Big Game Hunter, Camouflage, Cautious Advance, Crossbowman, Dual Shot (archery), Dual Shot (rifle), Harry, Hunter, Hunting Ground, Keen Eyed, Knife Thrower, Prey","General Skills 4D, Nagivation 2D, Sneak 2D, Survival 4D, Tracking 4D,Any Craft(Fletcher) 2D, Gunsmithing 2D, Skinner 2D; Archery 4D, Crossbow 4D, Hand Weapon 3D, Pistol 3D, Rifle 4D, Throwing 4D",,,None,None,100
Investigator,"Anatomical Precision, Astute, Iron Will, Language, Prowl, Signal Language, Truth Reader","Cryptography 4D, Deception 4D, Etiquette 2D, Forensics 4D, General Skills 4D, Interrogation 4D, Law 4D, Healing 2D, Persuasion 3D, Research 4D, Sneak 4D, Streetwise 4D; Hand Weapon 2D, Pistol 2D, Unarmed Combat 2D",,,None,None,100
Iron Fang,"Defensive Line, Fast Arm (Blasting Pike), Hyper Awareness, Load Bearing, Precision Strike, Relentless Charge, Rock Solid, Specialization (Blasting Pike), Swift Rider","Command 4D, General Skills 4D, Survival 2D; Great Weapon 4D, Lance 4D, Shield 4D, Unarmed Combat 3D","Aristocrat, Military Officer, Soldier, Warcaster, Warcaster (Khadoran), Horseman",,"blasting pike (with a spear head and 10 blasting heads), Iron Fang full plate, shield",Khadoran Military,25
Knight,"Cavalry Charge, Cleave, Combat Rider, Defender, Defensive Line, Expert Rider, Iron Will, Load Bearing, Natural Leader, Precision Strike, Press the Attack, Relentless Charge, Ride-By Attack, Shield Slam","Command 4D, Etiquette 2D, General Skills 4D, Law 2D; Great Weapon 4D, Hand Weapon 4D, Lance 4D, Shield 4D, Unarmed Combat 3D",,,None,Knightly Order,100
Kriel Champion,"Bodyguard, Defensive Line, Iron Will, Load Bearing, Natural Leader, Overtake, Relentless Charge, Retaliatory Strike, Rock Solid, Shield Guard, Shield Slam, Two-Weapon Fighting","Command 3D, General Skills 4D, Oratory 2D, Survival 3D, Metalworking 3D; Great Weapon 4D, Hand Weapon 4D, Shield 3D, Throwing 3D, Unarmed Combat 4D",,,None,Character's Tribe,100
Labor Korune,"Jack Marshall, Battle Plan: Call to Action, Brawler, Drive: Pronto, Gang, Heave-Ho, Iron Will, Language, Low Breeding, Natural Leader, Rallying Cry","Bribery 3D, Command 4D,Any Craft4D, Deception 2D, Etiquette 2D, General Skills 4D, Mechanikal Engineering 2D, Healing 2D, Persuasion 4D, Streetwise 4D; Unarmed Combat 4D, Pistol 2D",,,None,Worker's Union,75
Long Rider,"Bull Rush, Cavalry Charge, Combat Rider, Expert Rider, Follow Up, Line Breaker, Load Bearing, Mounted: Counter Charge, Ride-by-Attack","General Skills 4D, Comman4D, Survival 3D; Great Weapon 4D, Hand Weapon 3D, Shield 4D, Unarmed Combat 3D",,,"Bison, Tack and Harness",None,75
Mage Hunter,"Arcane Assassin, Camouflage, Crackshot, Crossbowman, Fast Draw, Fast Reload, Iron Will, Mage Killer, Parry, Quick Work, Shadow Magic, Traceless Path","Deception 2D, Disguise 2D, General Skills 4D, Rope Use 3D, Sneak 4D, Survival 2D, Tracking 4D; Archery 4D, Crossbow 4D, Hand Weapon 4D, Throwing 2D",,,None,Retribution of Scyrah,75
Man-O-War,"Cleave, Defensive Line, Girded, Head-Butt, Ironhead, Load Bearing, Man of Iron, Shield Slam, Steady, Steam Jockey","Command 3D, General Skills 4D, Mechanikal Engineering 2D; Great Weapon 4D, Light Artillary 4D, Shield 3D, Unarmed Combat 3D","Aristocrat, Field Mechanik, Horseman, Man-at-Arms, Military Officer, Soldier",,"Man-O-War armour, and one of the following options; Annihilation blade and Man-O-War shield cannon (power & ten shots); Bombardier grenade cannon, Man-O-War ammo bandalier, four cannon grenades; Ice Maul",Khadoran Military,0
Man-at-Arms,"Bodyguard, Cleave, Defensive Line, Girded, Iron Will, Load Bearing, Retaliatory Strike, Set Defense, Shield Guard, Shield Slam, Specialization (Halberd), Specialization (Spear)","Command 3D, Metalworking 2D, General Skills 4D; Great Weapon 4D, Hand Weapon 3D, Pistol 3D, Shield 4D, Unarmed Combat 3D",,,None,None,100
Military Officer,"'Jack Marshall, Ace Commander, Battle Commander, Battle Plan: Call to Action, Battle Plan: Coordinated Strike, Battle Plan: Desperate Pace, Battle Plan: Go to Ground, Cavalry Charge, Defender, Drive: Assault, Drive: Pronto, Expert Rider, Good Breeding, Natural Leader, Port of Call, Ride-By Attack, Saddle Shot, Signal Language, Team Leader","Command 4D, Cryptography 4D, Etiquette 4D, General Skills 4D, Interrogation 4D, Law 4D, Healing 4D, Nagivation 4D, Oratory 4D; Great Weapon 4D, Hand Weapon 4D, Pistol 4D",,,officer's uniform,None,100
Mist Speaker,"Advisor, Backstab, Conniver, Dodger, Sucker!","Bribery 4D, Command 3D, Deception 4D, Escape Artist 3D, General Skills 4D, Interrogation 3D, Search 3D, Persuasion 4D, Oratory 3D, Seduction 2D, Sneak 3D, Survival 3D, Any Craft 2D; Great Weapon 3D, Hand Weapon 3D, Unarmed Combat 3D",,,None,Character's Tribe,50
Monster Hunter,"Anatomical Precision, Big Game Hunter, Binding, Camouflage, Deadly Skill, Dismember, Exterminator, Hunting Ground, Pathfinder, Poison Resistance, Precision Strike, Skilled Trapper, Staredown, Survivalist","Escape Artist 3D, General Skills 4D, Search 2D, Nagivation 3D, Persuasion 3D, Research 3D, Rope Use 3D, Sneak 4D, Survival 4D, Tracking 4D, Skinner 4D; Archery 4D, Crossbow 4D, Great Weapon 3D, Hand Weapon 4D, Pistol 3D, Rifle 4D, Throwing 3D, Unarmed Combat 4D",,,None,None,100
Paladin (Order of the Wall),"Fearless, Iron Will, Load Bearing, Impervious Wall Stance, Natural Leader, Precision Strike, Retaliatory Strike, Specialization (Firebrand), Stone-and-Mortar Stance","Command 1D, Etiquette 2D, General Skills 4D; Great Weapon 4D, Hand Weapon 4D, Shield 4D, Unarmed Combat 4D","Aristocrat, Horseman, Investigator, Man-at-Arms, Military Officer, Priest (Menoth), Ranger, Soldier, Warcaster, Warcaster (Protectorate)",,"Firebrand, Full plate, and Shield",Order of the Wall,0
Pirate,"Binding, Disease Resistance, Gang, Gunfighter, Head-Butt, Language, Port of Call, Quick Work, Specialization (Cutlass), Steady, Sucker!, Waylay","Command 2D, Deception 3D, General Skills 4D, Nagivation 4D, Persuasion 2D, Rope Use 4D, Sailing 4D; Hand Weapon 3D, Light Artillery 2D, Pistol 3D, Rifle 2D, Throwing 3D, Unarmed Combat 3D",,,None,None,75
Pistoleer,"Chain Attack: Pin Down, Dodger, Fast Draw, Fast Reload, Gunfighter, Return Fire, Swift Hunter, Targeteer, Two-Weapon Fighting","Gunsmithing 4D, General Skills 4D, Sneak 3D; Pistol 4D",,,"ammo bandolier, either a hand cannon (with 10 ammo) or a pair of 2x pistol (repeating) (each with 1 ammo wheel and 10 ammo)",None,50
Priest (Cyriss),"Blaster, Bodge, Choir, Clockwork Transcendence, Enigma Cipher, Inscribe Formulae, Language, Vessel Upgrade","Alchemy 3D, Command 3D,Any Craft(any) 4D, Cryptography 4D, General Skills 4D, Mechanikal Engineering 4D, Research 4D; Hand Weapon 3D",,,"Optifex armor, Tuning Kit",Convergence of Cyriss,0
Priest (Menoth),"Choir, Dispel, Language, Natural Leader, Rallying Cry, University Education","Command 2D, Cryptography 2D, Etiquette 4D, General Skills 4D, Law 4D, Healing 4D, Persuasion 4D, Oratory 4D, Research 4D; Great Weapon 3D, Hand Weapon 3D, Shield 2D",,,None,Menite Temple,75
Priest (Morrow),"Choir, Empower, Language, Natural Leader, Rallying Cry, University Education","Command 2D, Cryptography 2D, Etiquette 4D, General Skills 4D, Law 4D, Healing 4D, Persuasion 4D, Oratory 4D, Research 4D; Great Weapon 3D, Hand Weapon 3D, Shield 2D",,,None,Morrowan Church,75
Priest (Nyssor),"Astute, Cold Steel, Empower Weapon, Immunity: Cold, Natural Leader, Snow-Wreathed","Command 3D, Metalworking 4D, General Skills 4D, Interrogation 3D, Healing 2D, Nagivation 3D, Persuasion 3D, Oratory 3D, Research 2D, Survival 3D; Great Weapon 3D",,,"Nyss claymore, Nyss leather armor",Fane of Nyssor,50
Pugilist,"Brawler, Defender, Flying Fists, Grappler, Head-Butt, Heave-Ho, Hulking Presence, Rock Solid, Trip, Waylay","Bribery 3D, Etiquette 3D, General Skills 4D, Interrogation 2D, Comman4D, Law 2D,  Persuasion 3D, Seduction 2D, Streetwise 4D; Hand Weapon 3D, Unarmed Combat 4D",,+1 die type to Strength or Vigor.,None,None,100
Raider,"Ambush, Battle Plan: Call to Action, Boarding Action, Disease Resistance, Gang, Precision Strike, Ram, Roll with It, Specialization (Lacerator), Sprint","Command 2D, General Skills 4D, Nagivation 3D, Rope Use 4D, Sailing 3D; Hand Weapon 4D, Pistol 3D, Throwing 3D, Unarmed Combat 4D","Cutthroat, Duelist, Gun Mage, Military Officer, Pirate, Pistoleer, Ranger, Warcaster, Sorcerer (Fire), Sorcerer (Ice), Sorcerer (Stone), Sorcerer (Storm)",,"Lacerator, Leather Armor",Black Feet,0
Ranger,"Battle Plan: Go to Ground, Battle Plan: Reconnaissance, Battle Plan: Shadow, Camouflage, Disease Resistance, Fast Reload, Light Cavalry, Night Fighter, Pathfinder, Prowl, Saddle Shot, Signal Language, Swift Hunter, Swift Rider, Traceless Path","Command 3D, Any Craft 2D, Cryptography 1D, General Skills 4D, Healing 3D, Nagivation 4D, Rope Use 4D, Sneak 4D, Survival 4D, Tracking 4D; Archery 4D, Crossbow 3D, Hand Weapon 2D, Pistol 2D, Rifle 4D, Throwing 4D, Unarmed Combat 3D",,,None,None,75
Raptor,"Beast Handler, Cavalry Fighter, Evasive Rider, Expert Rider, Light Cavalry, Mount Attack (Ulk), Opening Salvo, Saddle Shot, Swift Rider, Trained Rider (Ulk)","Command 2D, General Skills 4D, Nagivation 3D, Survival 3D, Tracking 4D; Archery 3D, Great Weapon 3D, Unarmed Combat 2D",,,"Nyss Leather Armor, Ulk with Tack and Harness",Nyss Shard,50
Ravager,"Consume Essence, Disease Resistance, Fearless, Heart Eater, Hyper Awareness, Overtake, Pathfinder, Specialization (Tharn Axe), Specialization (Tharn Bow), Sprint, Treewalker","Command 3D, General Skills 4D, Nagivation 3D, Sneak 2D, Survival 4D, Tracking 3D,Any Craft(Tharn equipment) 4D; Archery 4D, Great Weapon 4D, Hand Weapon 4D, Throwing 3D, Unarmed Combat 4D",,,"Tharn Leathers, Tharn Axe Or Tharn Bow with a Quiver of 10 Arrows",Character's Tribe,0
Reclaimer,"Communion, Fearless, Gatekeeper, Immunity: Fire, Oath of Silence, Reclaim, Signal Language, Soulstorm, Urcaen's Gate, Whispers of the Creator","Cryptography 3D, General Skills 4D; Great Weapon 4D, Hand Weapon 3D","Arcanist, Field Mechanik, Investigator, Priest (Menoth), Soldier, Warcaster, Warcaster (Protectorate), Arcane Mechanik (Vassal of Menoth)",,"Reclaimant's mask, ten grave markers, Reclaimant torch",Reclaiment Order,0
Rifleman,"Crackshot, Dual Shot, Fast Reload, Marksman, Night Fighter, Return Fire, Saddle Shot, Sniper, Swift Hunter, Targeteer","Gunsmithing 4D, General Skills 4D, Survival 3D; Rifle 4D",,,"ammo bandolier, and a rifle (heavy) or rifle (repeating) (with powder and 10 ammo)",None,50
Ryssovass,"Blade Shield (Nyss Great Sword), Cleave, Defender, Defensive Line, Fearless, Load Bearing, Precision Strike, Relentless Charge, Renowned, Retaliatory Strike, Set Defense, Specialization (Nyss Great Sword)","Command 4D, General Skills 4D, Survival 3D, Metalworking 4D; Great Weapon 4D, Unarmed Combat 3D",,,"Nyss Great Sword, Ryssovass Plate Armor",Nyss Shard,0
Scout (Pyg Burrower),"Battle Plan: Reconnaissance, Battle Plan: Shadow, Camouflage, Disease Resistance, Expert Rider, Fast Reload, Go to Ground, Knife Thrower, Light Cavalry, Night Fighter, Pathfinder, Prowl, Pursuit, Signal Language, Skilled Trapper, Specialization (Slug Gun), Survivalist, Swift Hunter, Swift Rider, Traceless Path, Tunneling","Command 3D, Cryptography 1D, General Skills 4D, Search 3D, Healing 3D, Nagivation 4D, Rope Use 4D, Sneak 4D, Survival 4D, Tracking 4D, Any Craft 2D; Archery 3D, Crossbow 3D, Hand Weapon 3D, Pistol 3D, Rifle 3D, Throwing 3D, Unarmed Combat 3D",,,"Custom Battle Armor, Pickaxe or Shovel",None,40
Scout,"Battle Plan: Reconnaissance, Battle Plan: Shadow, Camouflage, Disease Resistance, Expert Rider, Fast Reload, Knife Thrower, Light Cavalry, Night Fighter, Pathfinder, Prowl, Pursuit, Signal Language, Skilled Trapper, Survivalist, Swift Hunter, Swift Rider, Traceless Path","Command 3D,Any Craft(any) 2D, Cryptography 1D, General Skills 4D, Search 3D, Healing 3D, Nagivation 4D, Rope Use 4D, Sneak 4D, Survival 4D, Tracking 4D; Archery 3D, Crossbow 3D, Hand Weapon 3D, Pistol 3D, Rifle 3D, Throwing 3D, Unarmed Combat 3D",,,None,None,75
Scrutator,"Authority, Battle Plan: Call of Action, Dominating Presence, Iron Will, Language, Natural Leader, Rallying Cry, Torture","Command 4D, General Skills 4D, Interrogation 4D, Law 4D, Healing 2D, Persuasion 4D, Oratory 4D; Great Weapon 3D, Hand Weapon 3D","Allegiant (Order of the Fist), Investigator, Military Officer, Priest (Menoth), Warcaster, Warcaster (Protectorate)",,"Scrutator's masked helm, a Wrack",Temple of Menoth,100
Searforge Trader,"Always a Deal to be Made, Appraise, Conniver, Counter Offer, Language, Port of Call, Silver Tongued","Bribery 4D, Command 2D, Deception 4D, Etiquette 4D General Skills 4D, Law 4D, Nagivation 4D, Persuasion 4D, Oratory 3D, Survival 2D; Hand Weapon 3D, Pistol 3D",,,50gc per month income,Searforge Commission,150
Seeker,"Advisor, Cover Identity, Instructor, Iron Will, Language, Power of Truth, Team Leader, Team Player, University Education","Bribery 3D, Cryptography 4D, Deception 4D, Disguise 2D, Etiquette 4D, General Skills 4D, Healing 2D, Nagivation 4D, Oratory 4D, Research 4D, Streetwise 2D, Survival 2D; Hand Weapon 2D, Pistol 2D",,,None,Seekers,100
Shaman (Devourer Wurm),"Aegis, Blood Trade, Disease Resistance, Flesh of Steel, Gift of the Beast, Poison Resistance, Staredown, Survivalist","Command 3D, Deception 4D, Disguise 3D, Escape Artist 3D, General Skills 4D, Interrogation 3D, Healing 2D, Nagivation 3D, Persuasion 2D, Oratory 2D, Sneak 3D, Survival 3D; Great Weapon 3D, Hand Weapon 3D",,,None,Character's Tribe,75
Shaman (Dhunia),"Balm of Dhunia, Charmer, Dispel, Fate Blessed, Natural Leader","Command 3D, General Skills 4D, Healing 3D, Persuasion 4D, Oratory 4D, Survival 2D, Stoneworking 4D; Great Weapon 3D, Hand Weapon 3D",,,None,Character's Tribe,75
Skinwalker,"Fearless, Hunting Howl, Hyper Regeneration, Jaws of the Beast, Life Drinker, Load Bearing, Pursuit, Relentless Advance, Retaliatory Strike, Warpborn","General Skills 4D, Survival 4D, Tracking 4D; Great Weapon 4D, Unarmed Combat 4D","Berserker, Chieftan, Scout, Shaman (Devourer), Warlock (Circle), Warrior, Wolf of Orboros, Sorcerer (Fire), Sorcerer (Ice), Sorcerer (Stone), Sorcerer (Storm)",,Skinwalker Full Plate,"Choose One: Connections (Circle Orboros), Connections (Human Tribe), Connections (Wolves Of Orboros)",50
Slaughterhouser,"Broad Stroke, Cleave, Fearless, Finisher, Gang, Hack, Load Bearing, Precision Strike, Relentless Charge, Specialization (Halberd)","Command 3D, General Skills 4D, Survival 3D; Great Weapon 4D, Unarmed Combat 3D",,,"Halberd, Full Plate Armor",Thornfall Alliance,25
Soldier (Marine),"'Jack Marshall, Cautious Advance, Cavalry Charge, Disease Resistance, Fast Reload, Find Cover, Grenadier, Hit the Deck!, Language, Ride-By Attack, Roll With It, Saddle Shot, Sentry, Specilization (Cutlass), Specialization (Gaff Spear)","Command 3D, General Skills 4D, Healing 3D, Nagivation 2D, Sneak 2D, Sailing 3D, Survival 3D; Crossbow 3D, Great Weapon 4D, Light Artillery 3D, Hand Weapon 3D, Pistol 3D, Rifle 4D, Shield 2D, Throwing 3D, Unarmed Combat 3D",,,None,None,100
Soldier,"'Jack Marshall, Cautious Advance, Cavalry Charge, Disease Resistance, Fast Reload, Find Cover, Grenadier, Hit the Deck!, Language, Ride-By Attack, Roll With It, Saddle Shot, Sentry","Command 3D, General Skills 4D, Healing 3D, Nagivation 2D, Sneak 2D, Survival 3D; Crossbow 3D, Great Weapon 4D, Light Artillery 3D, Hand Weapon 3D, Pistol 3D, Rifle 4D, Shield 2D, Throwing 3D, Unarmed Combat 3D",,,None,None,100
Sorcerer (Fire),"Camouflage, Dodger, Elemental Mastery, Immunity (Fire), Traceless Path","General Skills 4D, Sneak 3D, Survival 3D; Archery 3D, Crossbow 3D, Hand Weapon 3D, Throwing 2D, Unarmed Combat 2D",,,None,None,75
Sorcerer (Ice),"Camouflage, Dodger, Elemental Mastery, Immunity (Cold), Traceless Path","General Skills 4D, Sneak 3D, Survival 3D; Archery 3D, Crossbow 3D, Hand Weapon 3D, Throwing 2D, Unarmed Combat 2D",,,None,None,75
Sorcerer (Stone),"Camouflage, Dodger, Elemental Mastery, Traceless Path","General Skills 4D, Sneak 3D, Survival 3D; Archery 3D, Crossbow 3D, Hand Weapon 3D, Throwing 2D, Unarmed Combat 2D",,+1 die type to Vigor.,None,None,75
Sorcerer (Storm),"Camouflage, Dodger, Elemental Mastery, Traceless Path","General Skills 4D, Sneak 3D, Survival 3D; Archery 3D, Crossbow 3D, Hand Weapon 3D, Throwing 2D, Unarmed Combat 2D",,+1 to Pace.,None,None,75
Spy,"Battle Plan: Shadow, Cover Identity, Iron Will, Language, Poison Resistance, Prowl, Signal Language, Truth Reader, Waylay","Bribery 4D, Command 3D, Cryptography 4D, Deception 4D, Disguise 4D, Escape Artist 4D, Etiquette 4D, Forgery 4D, General Skills 4D, Interrogation 4D, Law 4D, Lock Picking 2D, Persuasion 4D, Seduction 4D, Sneak 4D, Streetwise 4D; Hand Weapon 3D, Pistol 3D, Throwing 3D, Unarmed Combat 3D",,,forged identity papers,Intelligence Network,100
Stormblade,"'Jack Marshall, Blaster, Close Shot, Load Bearing, Quick Work, Relentless Charge, Specialization (Storm Glaive)","Command 4D, Etiquette 2D, General Skills 4D, Healing 2D; Great Weapon 4D","Aristocrat, Knight, Man-at-Arms, Military Officer, Soldier, Warcaster, Warcaster (Cygnaran)",,Storm Glaive and Storm Knight armor,Cygnarian Military,0
Stormsmith,"Electromancer, Eye of the Storm, Hit the Deck!, Maestro, Specialization (Stormcaller and Lightning Rod), Storm Booster, Weatherman, Weather Vane","Command 4D, General Skills 4D, Mechanikal Engineering 3D, Stormsmithing 4D; Great Weapon 2D, Hand Weapon 2D",,,"Stormsmith armor, Stormcaller and Lightning rod",Cygnaran military,0
Thamarite Advocate,"Black Tongue, Corruptor, Dark Scribe, Ghost Shield, Grave Man, Haruspex, Imbue Weapon, Inscribe Thrall Rune, Iron Will, Language, Necromancer, Shadow Magic, Soul Taker, Soul Thief","Bribery 4D, Craft Thrall) 4D, Cryptography 4D, Deception 4D, Disguise 4D, Etiquette 3D, General Skills 4D, Interrogation 2D, Law 4D, Healing 2D, Persuasion 4D, Oratory 4D, Research 4D, Seduction 4D, Sneak 3D, Streetwise 3D,; Hand Weapon 3D, Pistol 3D",,,None,None,100
Thief,"Appraise, Camouflage, Card Sharp, Conniver, Dodger, Fleet Foot, Get Away, Language (Five Cant), Parry, Prowl, Traceless Path","Bribery 4D, Any Craft 2D, Deception 4D, Disguise 4D, Escape Artist 4D, Etiquette 1D, Forgery 4D, General Skills 4D, Law 2D, Lock Picking 4D, Persuasion 4D, Pick Pocket 4D, Sneak 4D, Streetwise 4D; Hand Weapon 3D, Pistol 2D, Throwing 3D, Unarmed Combat 2D",,,thief's tools,None,75
Tinker,"Appraise, Conniver, Demolish, Jury Rig, Scavenger, Scrapper, Tinkering","Deception 4D, General Skills 4D, Persuasion 4D, Streetwise 4D, Survival 2D, Any Craft 4D; Hand Weapon 2D, Pistol 3D",,,Tinker's Kit,None,85
Trapper,"Astute, Brutal Trapper, Camouflage, Cautious Advance, Cautious Trapper, Hidden Traps, Prowl, Skilled Trapper","General Skills 4D, Rope Use 4D, Sneak 2D, Survival 4D; Archery 3D, Hand Weapon 2D, Rifle 3D",,,None,None,75
Trencher,"'Jack Marshall, Anatomical Precision, Bayonet Charge, Bomber, Dig In, Fire in the Hole!, Grenadier, Hit the Deck!, Relentless Charge, Specialization (Bayonet)","Command 3D, General Skills 4D, Interrogation 3D, Healing 3D, Sneak 3D, Survival 3D; Great Weapon 3D, Light Artillery 4D, Hand Weapon 3D, Pistol 3D, Rifle 4D, Throwing 4D, Unarmed Combat 3D","Military Officer, Ranger, Rifleman, Soldier, Warcaster, Artillerist",,"ammo bandolier, bayonet (rifle), entrenching spade, rifle (military), 3 smoke grenades, trencher medium infantry armor",Cygnarian Military,25
Urban Nomad,"Adaptable (Urban), Archer, Crackshot, Fast Reload, Keen Eyed, Marksman, Night Fighter, Roll With It, Signal Language, Street Survivor, Swift Hunter, Targeteer","Bribery 4D, Escape Artist 4D, General Skills 4D, Nagivation 2D, Sneak 4D, Survival 4D; Archery 4D, Great Weapon 4D, Hand Weapon 3D, Unarmed Combat 3D",,,"Nyss Claymore, Nyss Bow",None,0
Warcaster (Cygnaran),"Bond, Field Marshal: Magical Attack, Field Marshal: Relentless Charge, Field Marshal: Shield Guard, Natural Leader","Command 4D, General Skills 4D; Great Weapon 3D, Hand Weapon 3D, Pistol 3D, Unarmed Combat 2D","Arcane Mechanik, Arcanist, Field Mechanik, Knight, Mant-at-Arms, Sorcerer (Fire), Sorcerer (Ice), Sorcerer (Stone), Sorcerer (Storm), Stormblade, Trencher, Gun Mage, Gun Mage (Arcane Tempest), Aristocrat, Horseman, Military Officer, Pistoleer, Ranger, Rifleman, Soldier",,"Choose one: Suit of Warcaster Armor (light) or Warcaster Armor (medium), mechanika hand weapon or great weapon, or mechanika pistol or hand cannon.  Item starts Bonded.",Cygnaran military,0
Warcaster (Cyriss),"Blaster, Bond,Clockwork Transcendence, Convergence Warcaster, Field Marshal: Celestial Harmony, Field Marshal: Magical Attack, Field Marshal: Shield Guard, Overpower, Vessel Upgrade","Command 3D, Any Craft 3D, General Skills 4D, Mechanikal Engineering 3D, Research 3D; Great Weapon 3D, Hand Weapon 3D",,,"Choose one: Suit of Warcaster Armor (light) or Warcaster Armor (medium), mechanika hand weapon, or mechanika hand cannon.  Item starts Bonded.",Convergence of Cyriss,0
Warcaster (Khadoran),"Bond, Field Marshal: Magical Attack, Field Marshal: Relentless Charge, Field Marshal: Shield Guard, Natural Leader","Command 4D, General Skills 4D; Great Weapon 3D, Hand Weapon 3D, Pistol 3D, Unarmed Combat 2D","Arcanist (Greylord), Alchemist, Arcane Mechanik, Aristocrat, Explorer, Horseman, Investigator, Military Officer, Sorcerer (Fire), Sorcerer (Ice), Sorcerer (Stone), Sorcerer (Storm), Spy, Assault Kommando, Iron Fang, Soldier",,"Choose one: Suit of Warcaster Armor (light) or Warcaster Armor (medium), mechanika hand weapon or great weapon, or mechanika pistol or hand cannon.  Item starts Bonded.",Khadoran Military,0
Warcaster (Llaelese),"Bond, Field Marshal: Magical Attack, Field Marshal: Relentless Charge, Field Marshal: Shield Guard, Natural Leader","Command 4D, General Skills 4D; Great Weapon 3D, Hand Weapon 3D, Pistol 3D, Unarmed Combat 2D",,,"Choose one: Suit of Warcaster Armor (light) or Warcaster Armor (medium), mechanika hand weapon or great weapon, or mechanika pistol or hand cannon.  Item starts Bonded.",None,0
Warcaster (Ordic),"Bond, Field Marshal: Magical Attack, Field Marshal: Relentless Charge, Field Marshal: Shield Guard, Natural Leader","Command 4D, General Skills 4D; Great Weapon 3D, Hand Weapon 3D, Pistol 3D, Unarmed Combat 2D","Arcane Mechanik, Arcanist, Aristocrat, Artillerist, Duelist, Explorer, Field Mechanik, Horseman, Man-at-Arms, Military Officer, Pirate, Priest (Morrow), Soldier, Soldier (Marine), Sorcerer (Fire), Sorcerer (Ice), Sorcerer (Stone), Sorcerer (Storm)",,"Choose one: Suit of Warcaster Armor (light), Warcaster Armor (medium) or Warcaster Armor (Naval), mechanika hand weapon or great weapon, or mechanika pistol or hand cannon.  Item starts Bonded.",Ordic Military,0
Warcaster (Protectorate),"Bond, Field Marshal: Magical Attack, Field Marshal: Relentless Charge, Field Marshal: Shield Guard, Natural Leader","Command 4D, General Skills 4D; Great Weapon 3D, Hand Weapon 3D, Pistol 3D, Unarmed Combat 2D","Allegiant (Order of the Fist), Cutthroat, Duelist, Exemplar, Field Mechanik, Paladin (Order of the Wall), Priest (Menoth), Reclaimer, Scrutator",,"Choose one: Suit of Warcaster Armor (light) or Warcaster Armor (medium), mechanika hand weapon or great weapon, or mechanika pistol or hand cannon.  Item starts Bonded.",Protectorate Military,0
Warcaster (Rhulic),"Bond, Field Marshal: Magical Attack, Field Marshal: Relentless Charge, Field Marshal: Shield Guard, Natural Leader, Rhulic Warcaster","Command 4D, General Skills 4D; Great Weapon 3D, Hand Weapon 3D, Pistol 3D, Unarmed Combat 2D",,,"Choose one: Suit of Warcaster Armor (light or medium), mechanika hand weapon, or mechanika hand cannon.  Item starts Bonded.",Dwarven Clan,0
Warcaster,"Bond, Field Marshal: Magical Attack, Field Marshal: Relentless Charge, Field Marshal: Shield Guard, Natural Leader","Command 4D, General Skills 4D; Great Weapon 3D, Hand Weapon 3D, Pistol 3D, Unarmed Combat 2D",,,"Choose one: Suit of Warcaster Armor (light) or Warcaster Armor (medium), mechanika hand weapon or great weapon, or mechanika pistol or hand cannon.  Item starts Bonded.",None,0
Warlock (Circle),"Beast Handler, Calm, Earth Magic, Empower Weapon, Field Marshal: Magical Weapon, Field Marshal: Relentless Charge, Pack Hunter, Pathfinder, Resonance: Devourer Warbeast, Resonance: Wold, Stone Warder, Warlock Bond, Wold Mastery","Command 3D, General Skills 4D, Sneak 3D, Survival 3D; Great Weapon 3D, Hand Weapon 3D, Unarmed Combat 3D",,,medium-based Devourer warbeast or medium-based Wold,Character's Tribe,25
Warlock (Farrow),"Empower Weapon, Field Marshal: Counter Charge, Field Marshal: Hog Wild, Goad, Maltreatment, Resonance: Farrow Warbeast, Souie!, Warlock Bond","Command 3D, Deception 3D, General Skills 4D, Persuasion 3D, Streetwise 3D, Survival 3D; Great Weapon 3D, Hand Weapon 3D, Pistol 3D, Rifle 3D, Throwing 3D, Unarmed Combat 3D",,,medium-based Farrow warbeast or two razor boar warbeasts,None,25
Warlock (Swamp),"Empower Weapon, Field Marshal: Counter Charge, Field Marshal: Magical Attack, Field Marshal: Poltergeist, Maltreatment, Resonance: Swamp Warbeast, Spirit Eater, Warlock Bond","Command 3D, General Skills 4D, Survival 3D; Great Weapon 3D, Hand Weapon 3D, Unarmed Combat 3D",,,medium-based Swamp warbeast,None,25
Warlock (Trollkin),"Empower Weapon, Field Marshal: Regenerate, Field Marshal: Relentless Charge, Field Marshal: Unyielding, Goad, Resonance: Trollblood Warbeast, Troll Speaker, Warlock Bond","Command 4D, General Skills 4D, Survival 3D; Great Weapon 3D, Hand Weapon 3D, Throwing 3D, Unarmed Combat 3D",,,medium-based Trollblood warbeast,Character's Tribe,25
Warrior,"Cautious Advance, Cavalry Charge, Crossbowman, Fast Draw, Fast Reload, Find Cover, Gunner, Head-Butt, Knife Thrower, Load Bearing, Quick Work, Roll with It, Sentry, Shield Guard, Shootist, Specialization (any), Two-Weapon Fighting","Command 3D,Any Craft(any) 3D, General Skills 4D, Interrogation 3D, Healing 3D, Persuasion 3D, Survival 3D; Archery 3D, Crossbow 4D, Great Weapon 4D, Hand Weapon 4D, Light Artillery 3D, Pistol 3D, Rifle 3D, Shield 3D, Throwing 3D, Unarmed Combat 4D",,,None,None,100
Wolf Rider,"Beast Handler, Expert Rider, Light Cavalry, Mount Attack (Duskwolf), Scent, Signal Howls, Swift Rider, Trained Rider (Duskwolf), Wolf Protector","General Skills 4D, Survival 4D, Tracking 4D; Great Weapon 4D, Hand Weapon 4D, Throwing 4D, Unarmed Combat 3D",,,duskwolf with tack,None,75
Wolf of Orboros,"Battle Plan: Brutal Charge, Bayonet Charge, Cleave, Crossbowman, Dual Shot (Crossbow), Fast Reload, Hunter, Load Bearing, Pathfinder, Precision Strike, Set Defense, Specialization (Cleft Weapon)","Command 3D, General Skills 4D, Nagivation 3D, Sneak 3D, Survival 3D, Tracking 3D; Crossbow 4D, Great Weapon 4D, Hand Weapon 4D","Bone Grinder, Brigand, Chieftan, Monster Hunter, Scout, Shaman (Devourer), Sorcerer (Fire), Sorcerer (Ice), Sorcerer (Stone), Sorcerer (Storm), Warlock (Circle), Warrior, Wolf Rider",,"Full Plate Armor, Wolf Pelt, Cleft Spear or Dual Crossbow with a Quiver of 10 Bolts",Wolves Of Orboros,0
